Country Name,Country Code,Series Name,Series Code,2000 [YR2000],2001 [YR2001],2002 [YR2002],2003 [YR2003],2004 [YR2004],2005 [YR2005],2006 [YR2006],2007 [YR2007],2008 [YR2008],2009 [YR2009],2010 [YR2010],2011 [YR2011],2012 [YR2012],2013 [YR2013],2014 [YR2014],2015 [YR2015],2016 [YR2016],2017 [YR2017],2018 [YR2018],2019 [YR2019],2020 [YR2020],2021 [YR2021],2022 [YR2022],2023 [YR2023],2024 [YR2024]
Brazil,BRA,Agricultural land (% of land area),AG.LND.AGRI.ZS,27.3175012622426,27.3299083288866,27.3423153955306,27.3547224621746,27.3671295288186,27.3795365954626,27.3925777744809,27.4788170573836,27.5650563402862,27.6512956231889,27.7375349060916,27.8237741889942,27.9100134718969,27.9962527547995,28.0824920377022,28.168707391836,28.2549706035075,28.3411141713348,28.338218790305,28.3353473380441,28.3324758857832,28.3296044335223,28.3267329812614,28.3267329812614,..
Brazil,BRA,Energy use (kg of oil equivalent per capita),EG.USE.PCAP.KG.OE,1081.36193393467,1086.99299318566,1103.40127916211,1107.9739157885,1157.16905577095,1173.71585743449,1202.05933940304,1259.91135986965,1317.23578420454,1262.10043812649,1384.36896688389,1390.00783643031,1433.15306444735,1487.45745839708,1522.42189026812,1482.02057858653,1414.8979311951,1431.95949698072,1403.40232453429,1415.83477031974,1379.24649914162,1430.3934661032,1432.72741132919,1481.22439922518,..
Brazil,BRA,Forest area (% of land area),AG.LND.FRST.ZS,65.9343586013156,65.4616708980706,64.9889831948257,64.5162954915806,64.0436077883357,63.5709200850907,63.0982323818457,62.6255446786007,62.1528569753558,61.6801692721108,61.2074815688658,61.023328156743,60.8391747446202,60.6550213324974,60.4708679203746,60.2867384370207,60.0710205859198,59.8329293359527,59.7083800941358,59.5585860011916,59.4174780513368,59.2704836243471,59.1275092305226,58.9818729765235,..
Brazil,BRA,Methane (CH4) emissions from Power Industry (Energy) (Mt CO2e),EN.GHG.CH4.PI.MT.CE.AR5,0.0708,0.0827,0.0906,0.1022,0.1126,0.1225,0.1254,0.1379,0.1612,0.17,0.2425,0.2358,0.2723,0.326,0.3849,0.3938,0.3741,0.4002,0.3966,0.398,0.4167,0.4179,0.3765,0.3844,0.3941
Brazil,BRA,Nitrous oxide (N2O) emissions from Power Industry (Energy) (Mt CO2e),EN.GHG.N2O.PI.MT.CE.AR5,0.1762,0.1874,0.1628,0.1767,0.1917,0.2163,0.2429,0.2781,0.2638,0.2937,0.45,0.4743,0.5877,0.7135,0.761,0.7663,0.757,0.6849,0.6689,0.9041,0.8786,1.0214,0.7662,0.8317,0.9175
Brazil,BRA,"PM2.5 air pollution, mean annual exposure (micrograms per cubic meter)",EN.ATM.PM25.MC.M3,15.5723815602196,15.5528127146329,15.5176007943732,15.4707715670693,15.4163508003501,15.3583642618445,15.2503863469125,15.0873086360928,14.9351326747822,14.8598600083774,14.9274921822751,15.539471795948,14.6007414104339,13.8897320409453,13.7916487838641,12.4042007642389,12.1085038135727,12.2193388464901,12.2516401526844,12.3488400923542,12.1793252040724,..,..,..,..
Brazil,BRA,"Plant species (higher), threatened",EN.HPT.THRD.NO,..,..,..,..,..,..,..,..,..,..,..,..,..,..,..,..,..,..,558,..,..,..,1346,..,..
Brazil,BRA,"Bird species, threatened",EN.BIR.THRD.NO,..,..,..,..,..,..,..,..,..,..,..,..,..,..,..,..,..,..,175,..,..,..,155,..,..
Brazil,BRA,"Fish species, threatened",EN.FSH.THRD.NO,..,..,..,..,..,..,..,..,..,..,..,..,..,..,..,..,..,..,93,..,..,..,360,..,..
Brazil,BRA,Carbon dioxide (CO2) emissions excluding LULUCF per capita (t CO2e/capita),EN.GHG.CO2.PC.CE.AR5,2.00787868943563,1.9928207750233,1.96879630651915,1.91839410561756,1.99978275095698,1.99935674253319,2.00204169117872,2.08496718576573,2.16839391882541,2.00746250710986,2.27112813109879,2.37418967936326,2.52901988702936,2.63744450973958,2.7310345760982,2.56818858918394,2.37533549789759,2.41694955353585,2.28562350357953,2.25869881785082,2.1466461829,2.41580858865319,2.27889577215227,2.27447826989363,2.31826466114939
Brazil,BRA,Fossil fuel energy consumption (% of total),EG.USE.COMM.FO.ZS,58.0045650386403,58.6647188400275,56.8051261801499,54.3276915570315,54.3503830157804,53.8920514535431,53.0536747729249,52.1952459992416,52.1126515141109,50.9013650168232,53.0336194267599,54.2857030621842,56.4658179040788,57.7234726683883,58.8412201603963,20.8080468349331,0,0,0,0,0,0,0,0,..
Brazil,BRA,"Mammal species, threatened",EN.MAM.THRD.NO,..,..,..,..,..,..,..,..,..,..,..,..,..,..,..,..,..,..,80,..,..,..,97,..,..
Brazil,BRA,Terrestrial protected areas (% of total land area),ER.LND.PTLD.ZS,..,..,..,..,..,..,..,..,..,..,..,..,..,26.4,28.5,28.5,28.9,28.9,29.4,30.3,30.3,30.3,30.3,30.6,30.6
Brazil,BRA,Terrestrial and marine protected areas (% of total territorial area),ER.PTD.TOTL.ZS,..,..,..,..,..,..,..,..,..,..,..,..,..,18.9,20.4,20.4,20.7,20.7,28.6,29.2,29.2,29.3,29.3,29.5,29.4
Brazil,BRA,Renewable energy consumption (% of total final energy consumption),EG.FEC.RNEW.ZS,42.7,41.3,42.9,45.1,45.2,46.1,46.7,47.2,47,48.9,46.8,45.2,43.5,42.3,41.7,43.7,45.4,45.3,46.9,47.5,50,46.5,..,..,..
India,IND,Agricultural land (% of land area),AG.LND.AGRI.ZS,60.8689656564162,60.7048321836142,60.7293849367178,60.6247834817149,60.6671622062499,60.5834137744308,60.5094191760365,60.4132261981239,60.4593046525785,60.5639061075814,60.3974182611942,60.4300431523044,60.4206256579633,60.4394606466455,60.4495508191538,60.4317248477225,60.3990999566123,60.2840719900175,60.2437112999842,60.2198312250478,60.0459439188212,60.0507647678083,60.0555856504293,60.0604064994165,..
India,IND,Energy use (kg of oil equivalent per capita),EG.USE.PCAP.KG.OE,394.916803104241,393.38088619861,397.344252941148,399.699897139001,415.47995649887,425.369642526643,441.785886693878,461.201738250187,481.553027437162,509.446000134302,531.86706609011,546.675890208969,572.133085479526,577.254621645988,610.165371779455,622.339883988149,627.273531026365,648.014718317903,668.303370218852,666.977347524506,632.239828540427,676.814293488143,727.902200094024,754.179577921116,..
India,IND,Forest area (% of land area),AG.LND.FRST.ZS,22.7334950003195,22.7975675957473,22.8616401911751,22.9257127866029,22.9897853820307,23.0538579774586,23.1179305728864,23.1820031683142,23.246075763742,23.3101483591698,23.3742209545976,23.4638216864714,23.5534224183453,23.6430231502191,23.732623882093,23.8222246139668,23.9116908102072,24.0014933455312,24.0909595417716,24.1807620770956,24.270228273336,24.3596944695764,24.4494970049005,24.5390304689576,..
India,IND,Methane (CH4) emissions from Power Industry (Energy) (Mt CO2e),EN.GHG.CH4.PI.MT.CE.AR5,0.1613,0.1683,0.1822,0.2035,0.2431,0.2587,0.3053,0.3522,0.3442,0.4235,0.483,0.5116,0.5397,0.5397,0.6166,0.6078,0.7599,0.9234,0.8906,0.8696,0.9464,1.0215,1.1168,0.9767,1.0061
India,IND,Nitrous oxide (N2O) emissions from Power Industry (Energy) (Mt CO2e),EN.GHG.N2O.PI.MT.CE.AR5,3.6202,3.6934,3.8115,4.0028,4.3908,4.8243,5.8275,7.3162,7.7954,9.0997,10.3898,12.5933,15.9488,17.1285,18.5291,18.3625,18.1538,17.9632,18.7906,18.8983,17.257,19.3949,21.8791,23.6347,24.7988
India,IND,"PM2.5 air pollution, mean annual exposure (micrograms per cubic meter)",EN.ATM.PM25.MC.M3,61.511449777005,61.9068347721157,62.3725221530569,62.766353963477,62.9461722470244,62.7698190473475,61.1951099242157,58.0211349861865,54.3676481000901,51.3544031327568,50.1011539510167,61.708624213512,74.0031607462287,76.2501768290597,79.0373957134889,73.810991410386,75.7890035327013,67.3122713926644,68.1209525065052,59.8919808842351,48.3948115195574,..,..,..,..
India,IND,"Plant species (higher), threatened",EN.HPT.THRD.NO,..,..,..,..,..,..,..,..,..,..,..,..,..,..,..,..,..,..,396,..,..,..,527,..,..
India,IND,"Bird species, threatened",EN.BIR.THRD.NO,..,..,..,..,..,..,..,..,..,..,..,..,..,..,..,..,..,..,93,..,..,..,92,..,..
India,IND,"Fish species, threatened",EN.FSH.THRD.NO,..,..,..,..,..,..,..,..,..,..,..,..,..,..,..,..,..,..,227,..,..,..,290,..,..
India,IND,Carbon dioxide (CO2) emissions excluding LULUCF per capita (t CO2e/capita),EN.GHG.CO2.PC.CE.AR5,0.942309744278839,0.939789720011458,0.957620477500199,0.969744882653011,1.02822643182898,1.05460489385527,1.10810989189174,1.18862350046436,1.25815998206335,1.32284533301467,1.39129863287623,1.46337391608571,1.57607553513255,1.59945855716817,1.70517686000076,1.71550269097521,1.7202923565219,1.79545339877531,1.85989309419052,1.83688223212799,1.68040016064392,1.83702951699406,1.96929618962877,2.09622858892568,2.17365173535787
India,IND,Fossil fuel energy consumption (% of total),EG.USE.COMM.FO.ZS,67.251600486733,67.1290170686448,67.936664276446,68.1654620036029,69.0182873531346,69.3475084968063,70.043890715119,70.9531749565034,71.4399671029214,75.572444969932,74.8456936081965,74.91097352691,75.0747477888592,74.981867206836,75.7857287344087,45.956629150643,0,0,0,0,0,0,0,0,..
India,IND,"Mammal species, threatened",EN.MAM.THRD.NO,..,..,..,..,..,..,..,..,..,..,..,..,..,..,..,..,..,..,93,..,..,..,99,..,..
India,IND,Terrestrial protected areas (% of total land area),ER.LND.PTLD.ZS,..,..,..,..,..,..,..,..,..,..,..,..,..,5.9,5.9,6,6,6,6,6,6,7.5,7.5,7.5,7.7
India,IND,Terrestrial and marine protected areas (% of total territorial area),ER.PTD.TOTL.ZS,..,..,..,..,..,..,..,..,..,..,..,..,..,3.4,3.5,3.5,3.5,3.5,3.5,3.5,3.5,4.4,4.4,4.4,4.5
India,IND,Renewable energy consumption (% of total final energy consumption),EG.FEC.RNEW.ZS,46.9,47.1,45.8,45.6,44.9,44.2,43.2,41.5,39.4,37.4,36.2,35,34.8,34.9,33.9,33.4,33,32.5,32.9,33.5,36.1,34.9,..,..,..
United Kingdom,GBR,Agricultural land (% of land area),AG.LND.AGRI.ZS,70.1194560410036,70.0739883437358,70.1690571652957,70.0863886248088,70.4790641921217,70.0863886248088,73.7320712602819,72.9425866986318,73.0955234985326,71.6116231967925,71.1941470673335,70.9461414458728,71.020543132311,71.3024428553714,71.2272144835283,70.8386723432398,71.7148836440293,72.1950667548465,71.7185202331253,72.4229988013062,71.3400491877816,71.1575290373248,71.9816417972141,70.3073227793163,..
United Kingdom,GBR,Energy use (kg of oil equivalent per capita),EG.USE.PCAP.KG.OE,3786.40281086309,3785.6601241847,3716.62337347063,3764.06191688174,3697.50381825103,3689.55051742336,3601.05090812166,3443.58715993443,3370.1581117517,3144.00201324492,3235.05383786127,2973.83120573757,3028.77223348044,2962.29760006424,2767.96188412765,2774.79682774608,2696.97999020896,2658.99577329303,2632.15067210726,2515.97344619501,2317.4085386833,2377.26368887082,2254.36941582721,2127.6084341819,..
United Kingdom,GBR,Forest area (% of land area),AG.LND.FRST.ZS,12.2101434299177,12.2535444136734,12.296945397429,12.3403463811846,12.3837473649403,12.4271483486959,12.4705493324515,12.5139503162072,12.5573512999628,12.6007522837184,12.6441532674741,12.7235150663415,12.8028768652089,12.8822386640764,12.9616004629438,13.0409622618113,13.0574959699087,13.0781631050304,13.1153639482495,13.1525647914686,13.1856322076634,13.2214553796553,13.2554871243748,13.2907130161617,..
United Kingdom,GBR,Methane (CH4) emissions from Power Industry (Energy) (Mt CO2e),EN.GHG.CH4.PI.MT.CE.AR5,0.1589,0.1752,0.1861,0.1917,0.1982,0.2107,0.2044,0.213,0.2168,0.2134,0.2276,0.2149,0.1986,0.2044,0.2367,0.2722,0.3072,0.3143,0.339,0.3581,0.3538,0.3757,0.3507,0.3195,0.3113
United Kingdom,GBR,Nitrous oxide (N2O) emissions from Power Industry (Energy) (Mt CO2e),EN.GHG.N2O.PI.MT.CE.AR5,0.53,0.5988,0.5745,0.6187,0.6023,0.6323,0.6776,0.6257,0.5661,0.4895,0.5137,0.5284,0.6538,0.617,0.5538,0.5197,0.3871,0.3729,0.3884,0.3782,0.3816,0.4069,0.3702,0.3424,0.3362
United Kingdom,GBR,"PM2.5 air pollution, mean annual exposure (micrograms per cubic meter)",EN.ATM.PM25.MC.M3,16.1050537226586,15.8242932230906,15.5139600251641,15.1808631587997,14.8318116539182,14.4736145404402,14.0333652646937,13.5048788789412,12.9950468220049,12.6107605327068,12.4589114498692,13.0110598336171,11.4844614132453,11.3936196663408,10.8076454562065,10.4602728529493,10.0359721133567,10.3814201449701,10.2397854923418,9.94569869317993,9.91288560282114,..,..,..,..
United Kingdom,GBR,"Plant species (higher), threatened",EN.HPT.THRD.NO,..,..,..,..,..,..,..,..,..,..,..,..,..,..,..,..,..,..,42,..,..,..,53,..,..
United Kingdom,GBR,"Bird species, threatened",EN.BIR.THRD.NO,..,..,..,..,..,..,..,..,..,..,..,..,..,..,..,..,..,..,11,..,..,..,11,..,..
United Kingdom,GBR,"Fish species, threatened",EN.FSH.THRD.NO,..,..,..,..,..,..,..,..,..,..,..,..,..,..,..,..,..,..,48,..,..,..,60,..,..
United Kingdom,GBR,Carbon dioxide (CO2) emissions excluding LULUCF per capita (t CO2e/capita),EN.GHG.CO2.PC.CE.AR5,9.37230154582975,9.52500193970965,9.21604321231769,9.40083618149317,9.35478076788979,9.2634507993102,9.20229684969568,8.97579081257711,8.63835719565399,7.76330695463938,7.97797355319206,7.25917227971883,7.55583494216069,7.33126023168431,6.66445837202105,6.38957565142576,5.97285960339598,5.77133371736955,5.64018313747379,5.38807912233045,4.78988972791562,5.04470918428281,4.80733240636649,4.44995911931321,4.22412677317771
United Kingdom,GBR,Fossil fuel energy consumption (% of total),EG.USE.COMM.FO.ZS,88.3951939695651,87.811993808683,87.8018339118133,88.059169969334,88.5472249810652,88.0812118335469,88.5507810702244,89.5690856512095,89.9598793717778,87.4117429154334,88.0471564659239,85.5149021890224,85.521340980268,84.2622069916402,82.9732271356392,80.0887890113877,0,0,0,0,0,0,0,0,..
United Kingdom,GBR,"Mammal species, threatened",EN.MAM.THRD.NO,..,..,..,..,..,..,..,..,..,..,..,..,..,..,..,..,..,..,5,..,..,..,4,..,..
United Kingdom,GBR,Terrestrial protected areas (% of total land area),ER.LND.PTLD.ZS,..,..,..,..,..,..,..,..,..,..,..,..,..,28,28.8,28.7,28.2,28.7,28.7,28.7,28.7,27.8,27.8,27.8,28.4
United Kingdom,GBR,Terrestrial and marine protected areas (% of total territorial area),ER.PTD.TOTL.ZS,..,..,..,..,..,..,..,..,..,..,..,..,..,11.3,19.7,16.6,23.3,28.9,28.8,29,40.3,39.9,39.9,39.9,42.1
United Kingdom,GBR,Renewable energy consumption (% of total final energy consumption),EG.FEC.RNEW.ZS,1,0.8,1,0.9,1.1,1.4,1.6,1.8,2.4,3,3.2,4,4.2,5.2,6.6,7.7,7.7,8.8,10.2,11.4,13.6,12.2,..,..,..
United States,USA,Agricultural land (% of land area),AG.LND.AGRI.ZS,45.2305848555761,45.2900702036254,45.0848730397122,45.0803674339003,45.0758618280884,45.0713562222766,45.0668506164647,45.0623450106528,45.3549551239585,45.576134822715,45.7973145105396,46.0184942092962,46.2396739080528,46.3330187965568,46.4263636850609,46.519708562633,46.613053451137,46.7063983396411,46.5817145490204,46.4570307583996,46.3323469677789,46.2076631880902,46.0829793974695,46.0829793974695,..
United States,USA,Energy use (kg of oil equivalent per capita),EG.USE.PCAP.KG.OE,8055.14548852416,7824.24393877407,7840.46095949898,7791.30391526846,7878.53717143427,7843.3910574627,7694.40657948116,7756.0141894981,7484.83268900712,7053.35846690965,7162.55933024159,7009.64607964907,6820.46062064875,6888.38143742637,6915.64165280321,6789.64733291075,6663.4963294418,6590.83509745633,6738.27272433986,6700.93033990565,6141.53125755889,6445.83409243358,6511.68841394546,6363.50015820072,..
United States,USA,Forest area (% of land area),AG.LND.FRST.ZS,33.1301735880689,33.1867556145437,33.2433376410185,33.2999196674933,33.3565016939681,33.4130837204429,33.4696657469177,33.5262477733925,33.6360635020585,33.6927352193296,33.7494069366007,33.7794700582241,33.8095331798474,33.8395963014708,33.8696594230942,33.8997225447175,33.8997225447175,33.8669264120375,33.8669264120375,33.8669264120375,33.8669264120375,33.8669264120375,33.8669264120375,33.8669264120375,..
United States,USA,Methane (CH4) emissions from Power Industry (Energy) (Mt CO2e),EN.GHG.CH4.PI.MT.CE.AR5,1.6837,1.7273,1.798,1.7255,1.7697,1.7593,1.6319,1.6982,1.6645,1.6176,1.7025,1.7052,1.8396,1.781,1.8277,1.8961,1.8723,1.8068,1.9312,1.9419,1.9165,1.9071,1.9596,1.9692,1.9966
United States,USA,Nitrous oxide (N2O) emissions from Power Industry (Energy) (Mt CO2e),EN.GHG.N2O.PI.MT.CE.AR5,21.8573,20.6865,17.1586,15.9645,15.2884,14.9241,14.2924,13.7456,14.6519,13.33,14.15,13.4099,11.8815,12.2803,12.5569,10.8504,10.3464,9.8285,9.2673,7.9082,6.7434,7.599,7.1065,5.7858,5.584
United States,USA,"PM2.5 air pollution, mean annual exposure (micrograms per cubic meter)",EN.ATM.PM25.MC.M3,12.756295073002,12.6049538802777,12.4353763769804,12.2408284111277,12.0145758307373,11.7498844838268,11.309448518998,10.6730029423263,10.0093748880401,9.48739149036763,9.27587988353719,9.36462744857706,9.01055428019472,8.74620817680451,8.5101265108009,8.19074183499752,7.40835009300858,7.79040584360488,7.8220065111125,7.17602147949022,7.81485752365112,..,..,..,..
United States,USA,"Plant species (higher), threatened",EN.HPT.THRD.NO,..,..,..,..,..,..,..,..,..,..,..,..,..,..,..,..,..,..,510,..,..,..,688,..,..
United States,USA,"Bird species, threatened",EN.BIR.THRD.NO,..,..,..,..,..,..,..,..,..,..,..,..,..,..,..,..,..,..,91,..,..,..,87,..,..
United States,USA,"Fish species, threatened",EN.FSH.THRD.NO,..,..,..,..,..,..,..,..,..,..,..,..,..,..,..,..,..,..,251,..,..,..,283,..,..
United States,USA,Carbon dioxide (CO2) emissions excluding LULUCF per capita (t CO2e/capita),EN.GHG.CO2.PC.CE.AR5,21.0118753202743,20.6255077855762,19.9103793387111,19.9681657791826,20.0815597947275,19.9249914215479,19.4048177077015,19.4956606869752,18.7089026291301,17.1890632001903,17.847084306938,17.0203888981196,16.1854221004814,16.495975221911,16.4248953102317,15.9501022949136,15.5045482189269,15.1847127213968,15.5796456645972,15.0439662080505,13.4715821678248,14.3161154347115,14.4177148825165,13.7119419860139,13.6195685039144
United States,USA,Fossil fuel energy consumption (% of total),EG.USE.COMM.FO.ZS,85.8991510408803,86.3861771834025,86.2808086234009,86.3108491734385,86.1575607388529,86.0526277747696,85.6625948343997,85.63845777016,85.005107144923,84.1951199163177,84.1233868138427,83.8876736758574,83.9446029612371,82.9728876992826,83.4019897520666,82.3258162759788,0,0,0,0,0,0,0,0,..
United States,USA,"Mammal species, threatened",EN.MAM.THRD.NO,..,..,..,..,..,..,..,..,..,..,..,..,..,..,..,..,..,..,40,..,..,..,43,..,..
United States,USA,Terrestrial protected areas (% of total land area),ER.LND.PTLD.ZS,..,..,..,..,..,..,..,..,..,..,..,..,..,13.6,13.1,13.1,13,13.5,13,13,11.8,13,13,12.9,12.9
United States,USA,Terrestrial and marine protected areas (% of total territorial area),ER.PTD.TOTL.ZS,..,..,..,..,..,..,..,..,..,..,..,..,..,13.5,12,20.1,26.3,26.6,26.3,26.3,23.9,15.9,15.9,15.9,15.8
United States,USA,Renewable energy consumption (% of total final energy consumption),EG.FEC.RNEW.ZS,5.4,4.7,4.8,5.3,5.5,5.8,6.4,6.3,6.8,7.3,7.4,8.4,8.5,8.9,9,8.9,9.3,9.7,9.9,10.2,11,10.9,..,..,..
China,CHN,Agricultural land (% of land area),AG.LND.AGRI.ZS,55.694583211727,55.7578718644915,55.8211320658973,55.8843892938216,55.9476447513305,56.0109031839269,56.0741598447602,56.1374176962452,56.2006719746855,56.2639250438662,56.1834730812931,56.1036602181182,56.0235278052443,55.9433953923703,55.8632629794963,55.7831305666223,55.7030573453299,55.6228503623161,55.54274989588,55.462649429444,55.4526368711394,55.4426243128349,55.4326117545304,55.4326117545304,..
China,CHN,Energy use (kg of oil equivalent per capita),EG.USE.PCAP.KG.OE,898.07500446721,921.506436459842,976.159336791292,1105.13742396493,1249.04415339994,1369.79197119649,1490.18647938836,1595.46606847798,1629.97754209383,1728.61645229501,1899.79996108685,2027.46525356855,2085.21872095825,2137.32572690907,2177.55011435267,2175.1544486832,2149.2047500244,2215.91139022057,2310.87757050979,2397.96868908473,2465.96954605987,2623.79959356116,2676.48200976111,2850.94152906511,..
China,CHN,Forest area (% of land area),AG.LND.FRST.ZS,18.8534727562839,19.1049681205612,19.3564538990231,19.6079386867747,19.8594228667065,20.1109081284255,20.3623927769671,20.6138778860824,20.8653616938384,21.1168450517356,21.3683288541342,21.574627370433,21.7809258867318,21.9872244030306,22.1935229193294,22.3998214356282,22.6305120997506,22.8306567492632,23.0309079153534,23.2311590814436,23.4313037309562,23.6315548970464,23.8316995465589,24.0319389958256,..
China,CHN,Methane (CH4) emissions from Power Industry (Energy) (Mt CO2e),EN.GHG.CH4.PI.MT.CE.AR5,0.3868,0.4038,0.4409,0.5102,0.5613,0.6215,0.7106,0.796,0.8619,0.9843,1.2585,1.4122,1.4737,1.636,1.7522,1.8257,2.0272,2.2843,2.5005,2.7542,3.041,3.5453,3.7985,4.1075,4.135
China,CHN,Nitrous oxide (N2O) emissions from Power Industry (Energy) (Mt CO2e),EN.GHG.N2O.PI.MT.CE.AR5,10.3108,10.5704,12.2632,17.7417,21.1911,23.2531,25.5788,29.5103,28.1871,28.6671,31.1779,34.2577,35.1379,36.6364,37.5322,37.1451,37.9144,41.2882,44.997,49.3304,51.5168,58.853,59.938,64.2478,64.7943
China,CHN,"PM2.5 air pollution, mean annual exposure (micrograms per cubic meter)",EN.ATM.PM25.MC.M3,50.299193183916,50.6280489574036,50.9679256961335,51.2610436241453,51.4496229654785,51.4758839441727,50.9696705667541,49.8862602874654,48.6560235019206,47.7093306057335,47.4765519945183,51.34994369566,48.1207251131123,58.4662215596184,54.5688342973092,50.832537964484,46.8324682508133,45.8369336166997,40.2663875187565,37.5475753654351,34.8105237153218,..,..,..,..
China,CHN,"Plant species (higher), threatened",EN.HPT.THRD.NO,..,..,..,..,..,..,..,..,..,..,..,..,..,..,..,..,..,..,593,..,..,..,713,..,..
China,CHN,"Bird species, threatened",EN.BIR.THRD.NO,..,..,..,..,..,..,..,..,..,..,..,..,..,..,..,..,..,..,96,..,..,..,94,..,..
China,CHN,"Fish species, threatened",EN.FSH.THRD.NO,..,..,..,..,..,..,..,..,..,..,..,..,..,..,..,..,..,..,136,..,..,..,207,..,..
China,CHN,Carbon dioxide (CO2) emissions excluding LULUCF per capita (t CO2e/capita),EN.GHG.CO2.PC.CE.AR5,2.88907594771294,3.00747564571294,3.22795454545455,3.70467882645141,4.24069749050016,4.78299420120885,5.28052516361306,5.7076324565497,5.85225866357655,6.24909018523805,6.80718476794211,7.40185065816131,7.58441651466929,7.89327631231478,7.93164331637339,7.79057049265868,7.76322483949301,7.87802652170332,8.2177362485386,8.39147587098516,8.47858302033874,8.88715660313235,8.86482511020235,9.23027553501428,9.31508933799393
China,CHN,Fossil fuel energy consumption (% of total),EG.USE.COMM.FO.ZS,79.922462606017,80.8331458521972,81.9217928499847,84.2309775025242,86.0923723329147,87.3709947582302,88.2842653796328,89.3091739828854,89.5211571180054,90.1612712655318,90.8066275814595,91.4247318781345,91.1492191796216,91.0001219143645,89.5548400213043,71.0695588904552,0,0,0,0,0,0,0,0,..
China,CHN,"Mammal species, threatened",EN.MAM.THRD.NO,..,..,..,..,..,..,..,..,..,..,..,..,..,..,..,..,..,..,73,..,..,..,78,..,..
China,CHN,Terrestrial protected areas (% of total land area),ER.LND.PTLD.ZS,..,..,..,..,..,..,..,..,..,..,..,..,..,17,17.1,17.1,17.1,17.1,15.6,15.6,15.6,15.6,15.6,15.6,15.6
China,CHN,Terrestrial and marine protected areas (% of total territorial area),ER.PTD.TOTL.ZS,..,..,..,..,..,..,..,..,..,..,..,..,..,15.8,15.9,15.9,15.9,16,14.7,14.7,14.7,14.7,14.7,14.7,14.7
China,CHN,Renewable energy consumption (% of total final energy consumption),EG.FEC.RNEW.ZS,29.6,28.4,27,23.9,20.2,17.4,16.4,14.9,14.1,13.4,12.3,11.3,11.5,11.5,11.9,12.2,12.6,13.1,13.5,14.3,14.9,15.2,..,..,..
Germany,DEU,Agricultural land (% of land area),AG.LND.AGRI.ZS,48.9124516406362,48.8220120378332,48.6355558103537,48.7400017201342,48.7799982796686,48.8330083725198,48.5948612066988,48.6133019760805,48.5356968706078,48.4380826711798,47.9100324181656,47.9659169153087,47.8108681930338,47.8588626461821,47.9363714531384,47.9590666743106,47.6843370735058,47.7631164667831,47.6415364359723,47.7002776267209,47.4970663155786,47.4856177910072,47.5011449507671,47.4658729931603,..
Germany,DEU,Energy use (kg of oil equivalent per capita),EG.USE.PCAP.KG.OE,4094.27901518469,4210.00080103251,4108.61729515583,4096.47794323132,4131.61083697,4109.8805864045,4235.93876578004,4023.73935857078,4081.87998694017,3821.62500577239,4029.83085754355,3891.87175356307,3913.43920397127,3986.18505186393,3794.44720253102,3780.85027551891,3765.21799936242,3763.19404182465,3659.22924485198,3570.88159282488,3349.19931383762,3467.03057027911,3261.8564081995,2928.19658713867,..
Germany,DEU,Forest area (% of land area),AG.LND.FRST.ZS,32.5376128385155,32.5580395528805,32.5775382674999,32.5979759754594,32.6174843019755,32.6341897006537,32.653704978206,32.6741618148966,32.6936867165763,32.7113393190098,32.7308718478354,32.7375487720909,32.7451655477133,32.7189864709929,32.7228432215535,32.7323281545606,32.685482024273,32.6845464693591,32.6836109680005,32.6826755201923,32.6826755201923,32.6826755201923,32.685482024273,32.6789342643734,..
Germany,DEU,Methane (CH4) emissions from Power Industry (Energy) (Mt CO2e),EN.GHG.CH4.PI.MT.CE.AR5,0.2023,0.2301,0.225,0.2338,0.2508,0.3145,0.3505,0.3712,0.3897,0.3964,0.4257,0.4267,0.4453,0.4436,0.4512,0.4473,0.4623,0.463,0.434,0.4262,0.4221,0.433,0.4105,0.3962,0.3905
Germany,DEU,Nitrous oxide (N2O) emissions from Power Industry (Energy) (Mt CO2e),EN.GHG.N2O.PI.MT.CE.AR5,6.4729,5.5994,5.0677,4.4825,3.9902,3.454,3.2708,3.2207,2.8962,2.6557,2.8375,2.8022,2.8541,2.9321,2.8292,2.7621,2.516,2.3619,2.282,1.7983,1.5212,1.7969,1.9402,1.4723,1.3151
Germany,DEU,"PM2.5 air pollution, mean annual exposure (micrograms per cubic meter)",EN.ATM.PM25.MC.M3,18.149579025919,17.8080564787948,17.4251209663774,17.0534186624295,16.7455957407135,16.5542983749923,16.4673340240739,16.4178840311706,16.3766553966518,16.3143551208868,16.201690204245,15.7161711583543,13.9078592571706,13.6633968189434,12.2822480920893,12.8253525089793,11.7806958987308,11.8978451129639,11.6526030992972,10.6378495266542,10.2876894329414,..,..,..,..
Germany,DEU,"Plant species (higher), threatened",EN.HPT.THRD.NO,..,..,..,..,..,..,..,..,..,..,..,..,..,..,..,..,..,..,36,..,..,..,51,..,..
Germany,DEU,"Bird species, threatened",EN.BIR.THRD.NO,..,..,..,..,..,..,..,..,..,..,..,..,..,..,..,..,..,..,11,..,..,..,12,..,..
Germany,DEU,"Fish species, threatened",EN.FSH.THRD.NO,..,..,..,..,..,..,..,..,..,..,..,..,..,..,..,..,..,..,24,..,..,..,34,..,..
Germany,DEU,Carbon dioxide (CO2) emissions excluding LULUCF per capita (t CO2e/capita),EN.GHG.CO2.PC.CE.AR5,10.5993032021746,10.7525841705381,10.546202837135,10.6369632865784,10.4632650583049,10.2067903422435,10.3846207212787,10.0478127320359,10.1072965484379,9.37864424258525,9.96567124737992,9.81776726131477,9.94745307113612,10.1408601249876,9.61630846170469,9.60884887243027,9.58423383867929,9.36976518940283,9.00657809367265,8.38218043063623,7.72103264767393,8.06128144646434,7.91182860265874,7.07982839106762,6.94395663386317
Germany,DEU,Fossil fuel energy consumption (% of total),EG.USE.COMM.FO.ZS,83.6175092899349,83.6009676624179,83.2737787331121,82.9391601509415,82.2218793344823,81.3900776296437,80.6716583069331,80.5058880958319,79.9104868875012,79.3162024847903,78.9137435234329,79.9147448510039,79.8734282244706,80.1391869348281,79.3957288542964,79.6280369964341,0,0,0,0,0,0,0,0,..
Germany,DEU,"Mammal species, threatened",EN.MAM.THRD.NO,..,..,..,..,..,..,..,..,..,..,..,..,..,..,..,..,..,..,5,..,..,..,7,..,..
Germany,DEU,Terrestrial protected areas (% of total land area),ER.LND.PTLD.ZS,..,..,..,..,..,..,..,..,..,..,..,..,..,37.9,37.4,37.4,37.8,37.8,37.8,37.4,37.8,37.5,37.6,37.6,39.3
Germany,DEU,Terrestrial and marine protected areas (% of total territorial area),ER.PTD.TOTL.ZS,..,..,..,..,..,..,..,..,..,..,..,..,..,38.9,38.5,38.5,38.8,38.8,38.8,38.5,38.8,38.5,38.7,38.7,40.1
Germany,DEU,Renewable energy consumption (% of total final energy consumption),EG.FEC.RNEW.ZS,3.7,3.9,4.4,5.4,6.3,7.3,8.6,10.5,10.2,10.7,11.6,12.5,13.6,13.6,14,14.6,14.2,15.2,16,17.1,18.5,17.6,..,..,..
,,,,,,,,,,,,,,,,,,,,,,,,,,,,
,,,,,,,,,,,,,,,,,,,,,,,,,,,,
,,,,,,,,,,,,,,,,,,,,,,,,,,,,
Data from database: World Development Indicators,,,,,,,,,,,,,,,,,,,,,,,,,,,,
Last Updated: 01/28/2026,,,,,,,,,,,,,,,,,,,,,,,,,,,,
